acctsessiontime,upload,download,calledstationid,callingstationid,calledstation_sid
261,270.1,136.8,c0:d5:b0:62:c7:d0,d8:96:91:df:d3:0a,18:e0:7e:a1:e2:19
2086,330.52,377.08,14:c3:8c:f4:6e:36,8c:18:b6:87:48:32,92:11:eb:de:99:fc
809,232.99,154.19,70:88:03:e6:b1:e2,a4:a0:50:c2:12:bd,e0:fd:cd:31:86:66
1428,2.85,50.88,00:67:ee:bd:c9:7a,4c:6c:e2:9b:82:7e,48:41:df:7a:a7:67
1305,27.45,96.57,58:88:13:18:1a:3a,54:7e:e0:33:db:d0,76:8a:ce:e7:c0:a6
124,416.54,330.86,b2:41:53:f0:83:c6,9e:ab:7e:6a:8e:fe,f8:86:e0:50:e9:cb
3567,458.49,294.72,88:65:e0:ed:5e:48,dc:3c:03:5a:9a:de,6e:f7:be:0b:aa:c4
3201,465.82,10.18,a4:30:3c:03:77:1d,72:77:3c:77:7c:0a,f0:3e:ee:40:f7:e0
119,392.23,266.31,20:4b:a1:34:d1:71,60:11:c5:21:36:49,28:f3:47:cd:1e:7d
82,33.06,367.23,d2:7e:c8:0b:f5:59,56:36:af:df:ae:01,0c:3d:99:16:a2:7f
2725,211.08,482.43,02:11:6f:27:19:2a,b4:71:2e:7b:ef:6c,5a:33:05:84:66:96
3337,416.24,191.5,60:59:de:3f:12:fc,f0:1a:53:b4:89:c6,44:4c:ac:65:aa:35
2127,323.32,257.92,a0:65:dd:03:4d:4e,ce:84:b3:32:21:10,78:fc:c2:a3:a4:68
2900,471.07,294.11,3e:fd:21:70:fc:c1,48:12:f4:62:92:87,3c:f1:ea:8d:a7:31
246,428.26,259.01,26:b7:8b:7d:78:2e,b2:29:41:53:de:13,00:9d:7b:2a:d0:90
2236,250.29,337.52,32:2b:fe:b1:65:28,98:10:bb:04:fc:e6,1c:eb:95:4f:94:e4
2912,438.31,66.07,76:98:9f:39:93:b8,18:08:51:6c:11:a1,f6:74:e6:14:46:70
1340,135.29,381.52,a6:63:b6:95:18:e9,5e:50:7f:65:06:df,22:31:25:c3:98:f7
1667,256.69,346.78,de:9c:ad:22:b8:5b,12:26:04:f3:f2:81,3e:00:2f:81:6c:fd
412,364.03,330.47,94:70:1a:a9:fa:2a,60:b6:76:8b:d4:e7,60:a7:06:71:b0:ed
2490,421.06,163.15,48:4f:fd:2a:e7:d8,44:a0:60:fc:93:db,fc:de:b5:ef:08:95
682,140.09,409.05,3c:af:c2:97:0e:6f,d8:64:52:29:02:3a,54:4a:85:14:8b:7d
1219,486.82,376.99,08:f1:3d:d1:a9:ce,2a:43:03:82:06:ca,3a:87:97:fb:07:35
3199,112.6,468.43,ba:b5:6f:34:fe:4f,2c:6f:7e:8a:0e:f4,d6:fc:f4:d4:2b:13
303,394.8,106.83,8c:9e:9e:79:d7:19,7e:52:98:ed:78:48,7c:c6:d6:f8:84:7b
636,281.49,167.42,f8:f6:fb:45:11:68,1a:15:dd:a7:5e:12,94:d8:e2:62:39:d6
3181,206.16,258.49,90:80:db:41:81:ac,f2:dc:30:47:ac:66,aa:0c:cc:3f:3f:1e
1563,104.17,497.42,ae:77:e9:16:c3:4d,0e:21:f6:39:67:4a,f8:57:cf:21:2e:77
2679,159.02,208.3,a4:5a:58:ce:79:01,8e:84:13:e6:2d:cc,62:b5:87:d6:4f:0a
1675,295.36,45.3,ca:69:a1:7b:b2:3f,cc:13:18:2f:14:28,24:e4:07:81:c1:80
1665,473.98,294.76,20:9f:72:fc:1e:f2,ae:29:44:34:f5:0c,42:81:12:16:08:30
1952,42.33,487.96,60:69:dd:6a:80:31,ca:01:35:1d:32:07,ae:43:a6:d5:a4:8e
2966,401.23,16.17,0a:90:2a:0c:5c:19,e8:78:f7:67:62:b1,4a:fa:ea:6d:ed:d5
2091,456.71,315.0,12:36:17:0b:a1:82,42:3e:2b:84:24:0a,32:76:e9:35:97:94
2204,61.74,121.35,b8:1d:64:96:75:bc,98:60:04:84:60:ca,a6:ce:98:68:6c:00
2593,421.55,34.28,ec:bd:d5:6c:d8:2c,04:66:90:36:eb:36,62:47:bc:1e:17:41
309,466.06,427.59,56:c5:50:f1:f6:f7,70:04:f9:84:6c:95,80:51:75:f5:6c:78
2579,429.94,194.1,96:4d:18:e3:a1:a8,84:f2:8d:02:d0:8c,a2:2f:94:9d:b6:75
1795,32.43,81.37,d6:69:c6:48:3a:2f,78:9d:cd:55:5a:23,06:68:6e:06:80:51
2523,232.08,214.63,bc:f4:65:fb:77:b4,0e:eb:5b:7a:3e:85,8e:5f:89:55:f8:3b
896,351.15,198.92,62:29:cd:c9:df:98,24:1d:e2:61:d9:58,e4:a0:f0:ca:ce:30
92,116.17,58.36,3e:73:85:ba:8d:f6,d0:95:9d:96:bf:a7,30:ef:04:96:09:48
1540,178.62,216.41,b6:73:2c:c2:aa:28,7e:49:d8:ee:16:e1,3a:1b:32:5d:0a:ac
2685,206.83,157.43,22:98:2e:97:be:5b,b2:ef:23:ca:bf:33,26:f3:1d:2a:80:22
2641,143.09,136.2,9a:02:86:c1:79:fd,08:85:b6:25:53:81,ba:dc:06:79:e6:a2
1517,496.65,83.45,22:3d:52:40:8b:ac,12:77:6c:e2:a6:86,ba:d8:81:47:ad:b7
2706,121.45,154.66,14:e1:50:df:40:8e,72:f3:4e:9b:7b:20,9a:61:6d:b2:d9:d0
137,134.26,8.46,da:90:f0:4a:ed:fe,ae:7d:f7:ca:bf:59,a8:3a:ae:10:2e:13
2421,459.63,262.4,86:1a:66:99:d9:fd,de:e1:db:f5:3f:e6,70:49:a8:bc:bc:d4
720,447.02,400.25,fc:9f:b7:c2:8b:a3,36:21:81:8d:8d:47,16:f9:74:a3:cb:31
579,108.48,391.97,04:1c:e3:e9:65:1e,94:57:38:22:fd:cd,76:ba:f9:75:35:ab
3062,241.6,492.76,58:5d:9d:d0:a0:f5,06:59:88:47:48:a1,2e:ab:23:cf:72:62
2528,392.64,295.04,2a:e6:81:8d:eb:7c,ea:9e:49:2c:e2:31,1a:92:6b:29:31:00
2298,297.63,67.04,08:eb:c7:b4:22:22,94:cc:b1:cc:6a:ea,e4:a6:c3:97:c7:bf
929,182.75,308.88,4a:87:71:c6:d4:01,24:0c:23:52:72:c0,6e:59:85:8e:55:e3
1161,145.48,167.75,da:20:1d:60:ba:50,42:60:3c:a7:71:57,a2:19:56:87:40:df
1963,36.51,136.45,14:57:6a:57:9e:65,b2:16:19:ca:86:2b,8c:15:b7:d9:01:be
1254,171.77,283.85,26:ee:33:98:ba:18,10:8e:51:10:50:11,68:38:23:f3:43:69
743,312.71,432.39,2a:79:6d:d0:97:a6,c0:87:6a:cf:4b:bd,4c:01:69:46:1b:23
2994,435.05,112.05,e2:61:e5:7c:c6:1a,14:57:b2:8d:b1:46,3a:70:19:aa:2a:17
914,316.06,364.34,52:82:60:52:a4:84,e6:85:ea:23:6d:d7,88:6b:e9:f5:33:a5
2807,202.79,447.64,96:5f:20:18:69:cd,c4:0d:02:50:56:09,0e:50:35:c8:b1:e2
2477,434.07,106.71,b8:37:3c:3f:a0:71,54:68:e2:04:4d:53,52:21:d3:2d:1c:67
2599,119.13,291.09,7c:63:5a:c9:85:e9,fc:21:c4:30:d5:15,f8:50:b8:09:fe:07
2589,479.21,371.06,54:2b:dd:60:ab:0f,98:cb:ed:89:88:4d,62:5d:f3:1c:45:ed
2417,476.67,41.76,f4:83:82:76:64:35,e6:db:e7:f1:42:94,ea:b8:3c:13:19:24
2864,494.46,9.98,86:4b:26:39:a2:8d,28:27:66:a8:8f:03,96:93:27:5f:31:be
2856,141.26,4.59,a8:a7:31:d4:f0:cd,f4:ad:0c:aa:50:0b,28:af:45:e1:30:01
1281,81.17,268.88,b8:94:e8:05:f9:3a,d0:8f:b5:f7:cc:82,90:8c:c3:41:9b:79
1173,451.12,251.06,bc:b5:86:8f:bc:7a,10:cf:ca:30:2b:14,3e:88:bc:e6:ad:80
3455,410.36,27.45,de:43:58:68:d4:8b,b4:f8:dd:fe:cb:23,f0:0b:a4:a9:de:e2
356,240.66,141.97,5e:27:77:b8:6c:c5,8e:d3:61:74:06:19,48:09:24:02:98:5e
2980,477.42,380.64,70:a6:03:52:98:48,50:5e:2b:71:5e:51,b4:2d:90:b7:b7:a6
1928,339.5,296.69,0c:fe:f1:1c:5e:50,10:69:f1:74:cf:59,20:f3:1f:df:60:3e
3266,162.69,426.65,74:6b:89:8a:85:6e,82:15:1a:be:34:2f,38:a0:68:88:fd:32
1316,416.77,235.01,c6:a9:5f:2e:1c:15,62:a1:a5:bb:13:e9,8a:f4:cd:89:c5:f3
2432,197.83,156.02,90:53:a5:db:05:df,d0:34:08:29:8c:e4,e8:2d:a7:b9:3f:89
626,72.7,157.04,b6:5c:fc:82:b9:82,c4:6c:5c:60:f3:78,e8:ec:80:66:8e:f3
3203,38.37,284.46,d2:e8:4e:71:79:22,34:ed:f0:c7:00:6c,7c:02:0a:20:ee:0f
2836,473.85,113.21,a0:f6:4e:be:40:7a,f4:f5:04:0f:2b:57,3c:e0:93:d1:6d:34
1403,1.53,35.31,de:02:74:ad:49:75,c4:ef:a5:48:32:62,b4:cb:85:21:ee:ae
915,229.83,326.92,d6:e3:68:22:0a:71,8e:34:8c:60:19:99,ca:4a:ce:82:c3:cb
3278,88.08,325.48,ea:4d:0a:f1:bb:03,fa:66:92:4c:82:27,6c:2f:07:d4:c8:7f
321,419.93,462.5,9e:5c:a7:24:7c:24,48:9f:1b:a6:7a:4d,c8:0b:9b:e7:ed:65
2527,378.98,73.88,06:c5:e8:81:a1:f9,a4:94:3f:dd:5c:3f,3e:38:0e:cf:f3:8a
363,447.73,121.01,e6:95:60:00:a7:5e,cc:e5:6f:ff:64:ed,28:02:81:82:93:6a
335,447.8,74.67,2e:a8:30:48:10:10,b6:40:75:c6:06:50,a2:67:b4:95:b7:9f
697,481.01,243.53,54:5a:59:6d:b4:b1,fc:c4:17:ea:2e:ff,8e:20:e3:9d:ac:e7
737,129.43,344.21,3c:f5:a7:05:a2:67,34:e0:12:55:6a:96,66:8e:e8:53:17:40
2852,81.87,348.13,5c:8d:7e:69:6c:ae,f4:1e:df:34:2a:f9,d2:ae:87:07:fa:d8
2935,265.28,345.66,16:2a:f8:ee:fe:8d,80:36:b0:ee:37:b6,4a:1f:eb:df:1b:41
2539,418.73,152.62,82:0e:a5:c2:a2:6b,2e:ac:06:b1:4c:ff,3c:6f:80:1e:bf:06
1082,478.91,145.65,c4:13:b1:04:fb:be,0e:43:38:e2:71:12,00:b7:af:88:15:8b
2970,21.03,468.63,98:1b:89:b7:3c:40,06:43:4d:1e:e8:f7,ac:54:88:cc:87:62
3187,182.31,219.57,4c:9a:5e:96:8f:42,7e:31:d2:17:1f:0f,50:7c:a3:f0:96:66
3493,322.55,42.12,da:a7:23:ad:ad:fc,da:2c:3f:93:68:6f,b2:09:26:25:db:5c
2271,14.01,181.5,ea:a2:a4:bf:dc:2a,8c:e5:c3:3e:5c:74,4e:0b:58:4c:dd:79
1801,133.77,165.91,6c:56:c8:b1:a3:00,a0:be:f8:e9:83:89,c4:ed:1d:5b:cc:13
80,177.27,101.07,e6:94:a0:27:2f:28,80:9c:da:12:70:25,a6:b3:37:d5:86:ce
1996,231.34,156.98,7a:7e:b1:69:75:ab,a2:6f:a5:c3:88:9e,70:d6:5e:5f:be:b5
2973,342.1,313.56,62:b8:e1:d9:9b:7f,24:2b:58:fc:0a:c6,5c:95:48:f0:c3:ca
2221,26.72,368.18,b6:92:23:52:54:f4,ec:b3:95:fc:d7:34,90:93:e0:f0:b9:2d
350,155.06,303.43,c4:10:2a:f7:5f:b1,dc:6d:8f:bd:1a:cc,e8:8e:c1:d0:50:dd
2260,414.0,107.15,86:23:95:f8:77:e6,9a:b1:da:69:a8:1e,50:9c:c8:5c:d6:13
2256,94.36,11.04,ee:ed:a8:22:71:2e,ec:a1:8f:66:94:c2,b8:ee:41:2a:f1:7e
2910,49.86,282.14,f4:1d:3d:c7:63:c1,76:67:f0:05:91:e8,bc:d4:84:ee:e0:49
911,322.79,78.99,00:70:f7:43:01:6b,fc:23:13:6d:7a:8e,96:01:6c:4d:51:69
2560,7.09,284.13,36:49:10:e5:6c:f2,8c:1f:dd:cb:1b:5c,b8:2c:4d:59:3a:a3
2631,95.5,398.41,ca:d1:c1:71:17:72,40:d7:ee:4e:ab:0d,12:01:b2:ca:20:ce
151,488.21,139.77,44:58:d5:c3:51:dc,64:e7:da:a2:08:fc,80:b3:0f:fa:6a:16
1248,355.32,388.43,94:55:75:13:90:22,04:0e:f3:e0:91:0f,ba:f1:c5:fc:b7:b1
500,69.18,145.86,e4:cc:21:26:44:62,b4:94:84:e4:26:e3,32:07:e0:7b:e1:41
2739,146.78,449.33,ea:a5:0a:13:51:16,6a:ab:d1:ee:c6:3a,22:31:51:10:07:db
2747,111.79,137.25,b2:f1:e8:28:27:57,3a:8a:ea:ff:77:0c,88:14:68:a6:3a:42
3317,116.84,87.37,fa:60:cc:00:1e:e1,8c:36:2d:be:49:4d,e6:a3:ae:5d:9c:13
984,251.69,461.2,92:75:51:27:14:d7,f4:d6:2c:62:7b:3b,a4:cf:78:0d:39:d6
3441,167.81,439.23,8c:fe:69:07:72:4c,42:c9:b9:ec:af:e7,ea:23:6f:7a:05:8f
3156,196.8,159.02,78:bb:0f:15:cb:1a,be:ab:57:d2:13:5f,12:92:f5:05:76:f5
999,275.91,444.07,4e:88:9e:df:62:7f,34:53:fb:b0:2c:4f,ec:6c:42:f1:e7:ba
1818,202.69,266.13,50:73:bc:c0:38:a5,78:5c:48:c1:e9:2b,76:f4:49:cf:eb:ac
378,177.22,90.38,dc:60:4c:da:98:75,56:13:e0:d4:33:70,26:f4:07:eb:2f:5f
2630,425.32,317.4,f2:fb:08:2e:cb:1d,e0:8e:5c:20:3c:eb,0a:80:3b:25:6a:28
578,248.27,128.25,e6:09:b8:a0:10:46,28:8d:9b:45:8c:c2,e8:81:1a:c8:03:0e
3440,37.26,194.64,18:bb:5d:5b:e0:e4,c0:2f:72:df:e9:76,b8:11:af:b7:3b:c3
1268,131.45,398.57,b2:51:f7:6f:79:a5,1a:0f:52:14:e1:26,ec:cd:cc:87:01:0c
2968,409.81,442.17,c4:d4:39:3e:3c:c2,52:ab:72:c8:0c:6b,22:b8:89:91:0b:1a
3218,15.03,101.79,9c:e4:4c:5b:14:44,30:8a:5f:17:b7:7b,80:be:da:2c:a6:dd
582,16.01,168.11,ea:d9:88:80:be:4d,58:67:02:61:67:7b,72:9d:ba:58:88:2a
984,80.3,411.11,50:31:e4:48:40:2d,1e:8d:6e:da:8f:fb,70:dd:6e:0f:5f:e6
1232,208.86,66.34,10:d2:38:e8:28:02,5c:83:28:71:0e:ad,06:ad:99:dc:e6:3c
709,344.28,318.41,fc:2d:58:8e:c5:1a,98:f9:cf:a4:1e:e2,34:79:59:38:48:3d
2627,427.6,380.39,18:23:8d:61:77:34,12:0d:83:af:ed:57,12:dd:a4:3c:f6:c5
798,17.64,276.01,ae:f8:76:b3:e6:2e,26:9a:2d:90:d0:1b,cc:ee:8e:b5:43:6b
934,474.14,428.05,7e:c1:e4:f1:a4:27,5a:c3:c4:60:f5:ba,02:a5:dc:3d:7c:07
1819,257.55,353.67,6a:63:a7:fb:2e:1f,d8:08:de:e0:d8:a4,1e:9c:d4:34:16:1f
1467,138.32,314.85,8e:df:67:36:98:4b,0e:e8:8f:6d:34:a9,7e:9e:98:80:82:a6
3252,47.12,205.19,08:66:09:ce:06:66,10:90:d7:df:38:79,e2:17:05:f1:88:25
13,287.22,292.47,72:27:f6:56:1d:d0,a0:99:e6:c4:5f:b0,d0:aa:86:a1:12:dd
18,176.95,457.64,4e:11:12:7e:57:f9,d8:fa:e8:0a:45:4d,9a:cc:2d:86:85:9a
931,273.07,351.16,46:be:c0:db:1a:58,36:3c:13:49:52:f1,3a:b9:ee:29:13:f7
501,286.67,48.85,64:1e:2b:00:19:85,f4:fc:6e:48:cc:0c,b8:7b:41:f8:1a:26
542,459.04,213.81,ba:29:03:ae:d4:bd,8a:57:0f:fb:d0:cb,e2:fd:36:7a:1e:66
3560,296.76,270.05,b8:0f:b0:7b:e0:11,f0:48:96:d6:09:99,3e:04:d1:65:7c:b6
1689,439.17,100.16,8a:7c:87:c6:0c:05,88:7f:b6:9a:9f:e2,b8:5e:aa:6d:cb:83
1824,113.44,431.13,54:17:1c:3e:6e:5c,e2:ab:3f:52:14:29,4c:19:e6:13:f4:8f
3137,455.15,247.78,c4:fc:20:67:8a:d1,36:3a:b0:f8:e0:bc,52:e1:54:66:de:93
2314,56.53,173.26,5c:cf:9b:0f:b8:73,54:94:04:97:7a:b1,c0:1f:94:db:b7:18
2583,473.51,376.44,f0:6c:ee:32:ed:fb,26:8b:26:3d:a3:13,50:f6:aa:04:e0:d1
2144,222.84,48.61,f4:0d:b5:2c:4a:5d,44:bb:5e:e5:c9:95,c6:77:6e:ef:e5:23
1685,435.19,368.0,ae:99:8e:33:c8:db,06:41:41:c2:53:2a,0e:a8:b0:b9:35:b5
1161,195.04,404.06,3e:b2:13:2a:9f:03,a8:1b:d2:94:f6:0a,72:0d:66:d1:3f:2b
2654,120.54,101.38,ba:1d:d3:51:4b:d2,1e:d3:a7:ff:42:78,64:2d:d9:a7:ae:d8
45,420.77,321.59,42:bf:5e:f1:da:aa,c0:83:40:6b:7b:4d,5c:cc:57:4c:bd:2c
2305,295.72,465.25,34:95:2e:48:1d:d7,de:5d:a0:4e:f3:7b,70:27:70:7d:a9:8a
1850,13.09,28.36,fc:62:5b:96:a0:41,24:83:aa:e0:2e:40,0a:3f:2a:0f:a5:1a
816,339.36,85.34,c2:db:db:8d:0d:ec,1e:39:57:e7:1e:25,9a:96:42:98:52:84
2373,306.12,33.43,cc:db:f5:0c:ce:00,5a:41:07:85:52:dd,08:5f:22:60:e4:85
1858,421.04,50.56,ce:20:f8:e3:8d:67,e0:7a:3a:0a:c1:80,aa:72:29:c9:da:83
1868,471.55,181.5,e0:49:59:b4:a0:6f,42:60:07:dc:66:7e,b2:87:90:dc:4b:2c
536,164.17,2.85,86:36:ae:2a:37:3b,48:ec:c5:df:74:b8,a6:2e:8c:18:a5:3e
3493,486.65,474.97,d8:36:71:f2:10:65,d4:8b:7c:f8:60:e6,e6:30:17:f8:98:39
2176,261.78,11.13,30:e8:14:b3:bb:ae,80:cc:d9:9d:d8:12,08:6e:11:43:84:3e
1196,428.7,396.64,78:c7:b8:9a:e2:29,06:99:ff:71:36:71,12:a3:00:3e:81:6e
1967,124.8,395.76,d8:f7:c2:6d:fd:c1,34:d3:c6:99:08:23,12:9c:e8:bb:41:be
1461,75.76,116.17,26:d7:13:65:f6:ce,c0:92:e0:54:1e:4e,84:a3:b0:05:37:ef
1609,43.87,35.67,48:5b:15:be:aa:2f,98:25:d2:1c:10:2b,bc:7b:57:40:17:5a
1438,249.85,273.02,34:b4:4f:ea:71:32,72:af:44:fb:fd:75,22:2c:a3:f2:d2:f2
2196,29.26,314.15,08:83:a5:be:0b:64,6c:92:ba:37:c5:fd,ba:17:89:a8:b7:4e
1739,357.89,10.43,dc:ae:64:cb:33:fa,22:8d:99:75:85:ff,82:27:b9:92:f5:42
3273,429.18,236.93,68:99:71:ec:e5:d5,0a:08:53:f9:59:0c,a8:17:4c:24:46:5a
2696,287.76,62.52,b6:32:59:7b:7d:cf,44:5c:ad:d8:00:6b,9c:ff:7d:4a:aa:3a
3287,308.34,490.7,64:87:96:d8:a1:e0,62:c6:d5:5a:83:a4,8c:09:4e:f0:51:a0
1485,173.99,27.63,5e:4f:00:59:ff:56,66:2e:68:b2:9a:f2,1a:53:f2:19:6d:4e
2435,462.1,239.82,38:b2:45:8b:52:ac,56:14:6a:f6:c3:d5,14:ab:7b:5b:3b:7e
1700,361.87,193.33,b4:e3:15:2a:62:71,a2:9a:d5:27:fe:b7,60:5e:20:5d:9b:85
39,451.55,432.0,6a:0d:33:b4:63:ae,74:e7:0c:67:a1:95,74:cb:b2:79:27:ab
238,67.65,381.0,e2:e6:01:9d:73:67,76:19:1f:ca:fe:18,62:2f:89:49:0e:ab
846,448.68,259.14,f8:e1:21:63:57:45,3a:64:d5:7f:ac:38,3c:5c:fd:2d:f2:36
1630,459.24,281.12,9c:fc:ed:51:2f:06,0c:16:29:6f:58:7c,f8:22:95:f3:71:59
2124,112.21,449.46,c8:37:58:4e:86:5b,94:a4:0a:ea:f8:6e,ba:de:05:d4:08:69
1172,166.27,234.16,9e:1e:7d:26:c6:cd,c6:4f:1a:84:59:0e,2e:8f:73:de:9e:24
1050,128.97,441.52,ec:9c:df:fd:85:1b,28:4e:d1:8b:52:4d,56:e4:16:28:40:5c
1155,1.87,213.59,d4:76:89:d4:96:37,82:d7:88:63:59:99,02:cd:03:dc:40:99
2502,349.83,247.8,8c:34:b4:e0:ff:ca,44:03:da:47:d1:33,de:ea:a3:a7:f5:86
3221,233.77,446.22,64:6a:84:ce:40:bd,8e:6e:fd:31:f0:7a,78:06:33:91:d0:0f
3411,412.73,401.69,c8:b7:23:89:66:91,bc:8d:ff:de:3f:4b,b4:67:52:ca:1b:21
3086,33.36,164.43,84:15:3d:5e:4f:5b,2e:eb:f8:13:db:46,e0:8d:7b:55:72:3f
2757,215.89,296.89,b6:20:76:a7:00:14,60:9c:e1:81:aa:42,8c:fb:36:8e:ea:77
2108,79.79,266.38,76:12:59:1e:33:ad,12:fa:58:51:55:73,d8:ad:53:e5:ff:14
1260,493.86,449.49,da:b0:b9:ac:6f:b5,cc:c5:c8:7a:b3:29,06:5e:cc:3e:91:c5
1962,416.19,454.96,ba:ca:e8:69:10:8d,22:f7:cc:4e:0f:d4,f8:9a:25:f1:3e:84
344,266.33,310.69,ec:3a:de:c7:21:00,f4:0b:e0:e7:de:9d,6a:ee:94:5b:91:ce
380,134.97,297.11,bc:f1:62:d2:b2:f5,da:5f:ac:39:e6:da,36:8e:32:26:67:3a
916,310.61,182.13,d2:c7:9a:2e:1f:29,d8:62:8a:17:ac:7e,4e:cb:8a:38:99:07
641,379.05,268.1,a4:7c:3e:be:be:6c,dc:11:d5:aa:83:a7,10:4d:c6:df:aa:7a
1428,321.98,401.74,ce:e4:fd:3c:7a:ea,8e:ab:65:5a:92:40,7a:e7:ec:e6:3a:f2
1726,149.47,105.14,aa:ff:e0:cc:98:c0,12:cc:00:af:e9:b7,e8:da:0e:49:13:5e
2143,128.87,378.17,a8:ea:cf:22:37:5f,0a:c2:93:e0:f6:9d,72:be:d0:99:2a:be
3548,190.27,422.84,68:b6:3e:ca:9f:7e,5c:30:98:37:0b:2d,64:ef:32:31:dd:c5
44,199.15,409.32,36:77:27:98:bf:d3,be:3c:b9:71:d9:ec,58:29:3d:05:f2:54
1236,93.05,95.75,76:0b:55:12:94:ad,3c:7a:73:10:36:c7,42:21:d3:aa:31:da
2044,343.86,37.71,86:75:e5:b0:2e:e1,fc:12:08:3e:95:72,f8:a7:be:d8:19:f6
70,76.84,368.05,3e:89:13:8e:4c:a0,a2:04:45:0b:41:61,f0:4b:c2:ec:e0:a6
470,311.03,275.08,0e:6a:f3:85:59:10,d2:89:37:cd:b3:ca,5e:c7:b3:3e:5e:e9
2718,442.14,328.74,94:f8:a4:31:0e:20,f6:26:d9:1f:8b:da,ea:6b:d1:e9:fc:44
568,244.7,130.63,52:9f:f9:c4:17:67,8a:71:fe:1d:09:52,82:9a:6a:36:6a:3e
1390,335.3,40.65,bc:b7:15:cc:cd:87,3e:4d:38:5b:2f:4d,58:f0:a8:88:65:fc
3099,224.31,494.68,1c:49:69:1c:b6:57,08:76:61:15:94:30,c0:25:ca:de:ac:5a
297,466.39,445.01,c2:bc:40:03:9e:95,88:c3:6a:b3:fe:a5,58:15:b2:fe:b7:97
3197,77.43,100.76,ba:04:60:e7:d0:35,dc:2d:72:a9:38:32,1a:7d:c8:63:ee:c1
1017,197.94,409.77,26:12:48:cf:a8:2d,16:db:f1:8b:59:f9,8e:e8:d8:43:3f:19
1005,307.23,105.83,a2:e8:29:15:7f:a4,b6:34:78:e6:67:f5,66:06:d6:68:97:8b
2788,62.07,294.97,f0:ff:4b:99:c0:c9,3a:6e:03:4c:aa:a2,80:52:97:0c:d3:83
803,490.76,176.98,02:eb:0b:6d:9c:9a,1a:e9:8a:21:ca:8e,68:af:8d:dc:8d:e0
2983,39.21,497.15,2c:f2:3e:82:a3:06,9e:36:88:60:24:1d,0e:0c:8a:d8:b7:16
36,180.27,336.92,a0:7b:4c:e8:9d:0a,4c:6d:8c:17:53:79,00:77:df:25:f8:7e
1174,116.94,99.93,ea:0b:61:5e:c9:a2,86:7a:7c:dc:a5:56,5c:51:64:23:55:df
3588,151.07,243.0,4c:a9:af:21:23:8b,f4:2e:ae:5d:c1:6c,20:ae:2f:f9:9a:70
3519,194.91,370.43,e6:ba:be:c3:ca:47,e8:d1:fa:96:4c:db,7e:6d:b6:83:23:57
3014,144.49,51.3,9c:e7:71:35:78:e1,34:ce:f5:41:6e:e4,90:89:75:2d:aa:08
1775,120.5,369.39,de:3a:e4:8c:6d:ee,24:89:96:95:5f:7f,b8:9e:96:5d:26:90
626,67.82,334.11,66:a3:36:70:d1:ce,8e:c3:50:d1:7b:85,2a:bd:93:24:f7:91
3020,459.0,305.45,6c:ac:e2:25:13:61,2c:98:eb:d8:a6:cd,38:71:38:c0:f6:1c
150,193.98,140.02,0e:66:77:e9:ca:5e,82:e2:49:a0:e4:f3,d0:40:aa:68:a2:a8
200,95.97,5.75,62:7e:68:c5:5b:75,9a:06:c3:c7:3f:98,7a:fd:f0:04:4e:0b
3222,174.66,181.95,60:92:6b:89:f7:88,80:2f:3a:f8:5d:c9,f2:49:16:e9:13:6c
262,83.36,57.01,02:30:cd:a6:95:85,40:84:26:d7:2b:71,d4:8c:ca:62:73:97
3285,161.0,399.62,2e:3b:8b:ba:25:6b,10:3e:22:d2:94:f0,54:1d:49:2a:a0:3d
1388,130.9,208.74,6e:b5:fb:40:63:f3,ea:13:7e:16:f5:c7,62:33:c4:b7:ed:2b
2305,402.15,60.71,52:f9:e5:2e:c4:08,32:7f:01:65:64:76,da:b0:0a:4f:3b:65
45,111.51,250.4,48:2d:ad:b4:c0:16,3e:ca:e4:10:4b:05,0a:26:28:5a:7c:87
921,121.57,295.67,fa:54:41:05:6a:3e,f6:5b:f7:bf:24:fd,ec:3f:b7:bc:75:d0
3575,87.4,166.6,a6:93:95:d2:43:95,00:68:32:b2:99:b6,2e:48:fd:42:d4:67
1280,278.7,468.85,14:ce:a6:33:8d:c8,d4:b4:7e:de:4b:28,8c:93:b0:aa:42:d2
1301,73.83,159.87,2a:63:35:44:22:d2,bc:08:45:07:6f:34,aa:7e:d9:4b:85:b6
2842,462.63,365.72,ac:c9:ec:97:e3:ca,1c:4f:fe:9c:a8:ef,3e:16:04:6c:5b:4c
252,437.92,318.6,30:f3:82:1a:8f:6f,18:a2:90:25:ff:e9,80:fb:25:e9:35:02
2279,58.62,84.34,50:b3:be:f6:06:72,5a:aa:bc:39:01:07,cc:81:15:e4:53:e8
1513,17.95,438.87,1a:43:00:99:9f:51,d8:01:74:97:95:91,86:f5:44:ea:06:fc
3132,391.57,390.2,4e:86:59:0a:27:74,46:c6:76:9e:5f:88,10:b8:e7:37:c1:f5
1187,271.93,370.4,36:d1:0f:12:32:96,f0:c8:5c:2a:f5:1e,c2:ac:ef:5c:c1:f2
1804,484.44,158.19,a8:06:d4:44:ec:56,2c:8e:3c:5d:01:ba,92:9f:59:dc:cc:2d
720,333.63,382.69,02:aa:f9:8b:42:57,1a:0c:2b:b0:ea:65,3a:a2:54:c5:7d:d9
61,34.35,445.79,7c:0b:64:36:c2:52,10:49:2c:4e:f1:5d,10:3d:e4:ae:d7:82
3478,46.71,433.85,60:37:5a:5a:8c:73,44:b5:a4:09:2d:74,ce:6e:6f:d3:1b:65
1268,263.85,3.67,f0:05:5c:75:e1:82,1c:41:b6:27:92:05,84:5b:a1:8b:c0:b5
1125,8.93,433.04,ea:cc:67:e3:5c:ad,6c:10:b0:4c:5a:4f,e8:69:52:3d:93:48
2966,222.44,321.09,cc:a3:0d:a3:43:24,8c:bd:5f:ac:ce:94,18:0d:90:19:18:1d
247,421.89,192.86,84:02:95:a1:80:80,2e:f8:8b:ba:77:31,82:5f:0e:dd:42:18
1945,449.78,150.42,1e:6b:c2:ec:1f:f9,7c:5b:e2:76:4e:88,2e:33:f7:16:9b:96
306,484.46,258.21,8e:c5:f6:9e:04:93,84:8c:0e:33:37:70,ea:66:7c:fd:33:a8
166,383.98,7.06,12:65:87:37:c8:e8,40:86:4f:7c:b8:9d,02:e8:91:97:ef:11
467,20.64,31.88,7a:c3:82:df:19:86,2c:c4:8d:bd:ac:7b,e8:01:d4:f5:6c:3e
1827,290.33,434.62,f8:6a:17:8b:bf:62,ec:c0:f4:78:cb:ab,b4:68:2c:52:95:01
3019,484.54,169.3,22:e3:b7:d4:ba:f1,f8:45:6a:b5:3c:dd,2e:48:ca:02:ea:6f
326,269.13,125.62,68:c0:f5:05:c4:68,7a:a1:ba:b3:7c:f7,88:dd:69:d2:8f:08
1452,130.57,432.39,ce:47:d3:d4:ad:22,2e:35:84:ef:3b:d7,82:52:60:9e:ff:e8
121,255.88,249.57,58:9d:e0:3e:5a:d4,b8:d6:b3:72:23:9d,9a:e1:90:92:94:71
600,416.22,262.22,54:a8:ca:1e:ab:e1,da:45:2c:51:2a:e4,8a:c4:97:04:61:de
2707,498.48,384.52,0e:8c:ec:d4:2b:55,a2:ec:7e:3e:38:fb,58:ca:ff:fd:81:f5
2254,240.33,142.69,80:fd:e0:39:a2:5b,48:33:ee:6e:81:aa,7c:ae:c8:1f:75:df
2572,382.85,244.52,b8:a1:e6:8d:37:14,72:32:b3:0b:4b:a6,c8:b9:85:24:e0:a5
148,356.92,364.56,06:ff:d6:de:c2:b8,a6:99:4d:10:10:fa,d4:f7:58:d2:47:da
1797,417.71,433.92,72:44:8e:40:c9:f1,76:6b:36:93:72:0b,1c:07:56:80:1a:51
2977,20.88,4.07,d6:e7:b4:0e:7b:b4,d4:aa:77:5f:1c:63,2e:3f:85:7e:51:fd
601,469.12,316.49,8c:60:e0:13:4c:94,a8:81:13:1b:33:96,92:52:28:ba:91:e0
1240,493.66,361.22,96:4d:10:79:4c:a1,d0:fa:e9:ab:7d:aa,ea:ba:b1:5d:dd:4a
3488,94.34,242.3,24:9b:5e:86:f2:2e,b8:e0:49:93:53:a2,94:f6:40:6d:eb:e2
2096,219.04,7.13,5c:a7:04:d1:72:d1,02:27:d7:77:f9:0d,74:cf:87:b9:c6:83
345,270.99,147.85,c6:b6:82:f6:ef:cf,5c:f0:8e:76:6b:35,70:0d:03:94:50:72
3447,452.85,368.51,b2:03:2f:e5:21:84,fa:59:b5:2a:3a:df,be:ce:56:c0:31:32
1469,162.39,192.53,0c:d1:fa:4e:a8:67,4e:ba:8b:ba:bc:c3,7c:4a:a4:30:52:56
281,408.04,465.65,08:d5:a8:49:c5:19,38:74:f4:25:a2:5b,00:00:aa:57:7e:d3
573,118.59,22.54,be:ad:d2:f4:c4:0b,86:d4:95:6d:b7:95,fa:17:e7:bb:d8:53
3413,10.15,1.95,ee:c2:f9:4e:c6:e1,10:b0:d9:25:74:ac,aa:30:72:74:a6:46
2773,320.94,204.72,6e:9a:d2:74:02:ee,6c:5f:eb:05:60:a2,24:aa:53:72:a4:b7
147,27.03,406.93,2a:f0:29:98:02:1d,7c:e1:76:3b:a9:e2,dc:35:ba:9b:fc:21
597,74.92,461.87,6e:3f:c4:89:e7:d6,b4:d4:5a:68:91:36,4e:c5:bf:b1:30:9f
1902,484.87,56.81,ac:62:15:75:1a:6d,b6:b9:b0:cc:6b:8e,10:61:23:44:e5:9e
2489,96.41,354.49,7a:4c:05:e7:18:d7,d6:8f:dc:ae:2c:d7,4e:8a:ec:03:4d:78
3443,442.71,301.18,5e:ed:8c:7e:be:38,40:af:58:d2:dc:9c,1e:7e:b7:68:8c:da
729,420.44,125.15,c2:a5:2f:27:b6:92,ac:6c:aa:44:15:d8,38:4f:f8:87:58:be
1697,368.56,331.61,16:41:85:bd:42:d2,c0:40:8f:9a:d0:65,f6:96:e7:ae:6c:5e
2247,86.87,3.92,38:e0:06:55:6f:f1,40:74:9d:87:85:af,58:28:5a:fd:eb:1c
1586,497.5,314.58,94:54:3f:68:65:1f,80:d2:81:77:7b:3a,04:7e:e6:5a:b4:65
2859,266.94,256.03,8a:d5:6b:a2:85:0c,b6:4b:1f:b7:34:72,d6:63:5f:42:90:ef
355,81.66,315.89,66:ac:6f:76:eb:6a,b6:98:69:4f:9f:e8,c2:8f:68:70:df:be
74,331.64,345.74,c2:73:90:42:39:b9,a8:bd:d9:4c:de:89,94:62:8a:06:97:24
3133,168.62,415.6,78:ea:30:67:1e:31,42:e7:68:70:48:03,de:9f:e8:22:21:67
2974,475.73,1.87,be:ee:cd:a4:92:b2,2a:b9:c1:5a:ed:3f,38:55:82:e5:89:55
1321,435.42,301.77,32:d6:68:39:21:c5,d6:6d:28:9e:c2:8b,5c:39:a2:9d:31:af
1887,410.79,94.97,b8:da:b8:2a:c5:54,de:74:87:ed:8f:da,66:4e:8d:59:a3:5d
144,492.05,213.7,0c:2f:24:46:80:3f,2e:6c:34:b8:c7:ce,42:50:3b:05:e1:87
59,383.31,189.21,f6:2d:95:df:02:0e,4c:77:34:25:ed:5b,cc:71:8d:0e:24:56
1766,330.38,311.81,52:04:e3:2c:c5:6d,7e:37:06:69:c3:5c,b0:9a:83:a1:06:a3
3153,110.2,331.5,d8:d8:52:f9:6d:18,94:34:61:a9:2e:2b,50:1d:a3:62:18:2d
1454,109.13,97.19,50:4b:01:12:b2:6f,9a:3b:10:90:cf:c5,a4:b6:c8:04:d2:50
1697,182.54,49.73,58:f7:41:c0:90:8a,50:63:09:6a:ce:55,5c:db:36:a4:ec:b8
396,249.65,454.36,c4:52:ec:20:e0:11,8a:0d:c5:ab:0b:38,3e:7c:92:a9:1c:4c
1434,237.63,197.23,d4:02:6e:fc:0d:e7,38:41:e1:d8:bd:67,3c:79:fa:39:b3:b4
3506,360.32,354.8,7c:95:46:f4:3d:09,7c:17:b0:5f:fe:be,ea:e5:03:dd:51:f3
2318,385.8,262.5,c4:dc:14:0b:b1:68,de:47:70:d6:63:4d,b4:02:d3:4d:eb:e9
1729,454.41,320.52,68:36:3f:f4:55:ba,d0:de:2d:05:15:b4,f2:8a:f3:f4:58:8d
3542,491.14,151.95,dc:23:e0:b6:03:ff,5e:95:22:c5:f5:6b,f8:58:53:7d:89:fb
306,275.67,293.27,7a:2c:4d:de:b9:c3,e6:5a:9e:ab:d0:04,f8:a2:02:98:1d:98
1781,477.4,147.61,c6:8a:92:c0:ff:30,76:03:b4:e5:b2:06,fc:88:5b:03:a7:6a
2349,142.88,313.72,72:1d:26:aa:a6:69,82:79:30:54:58:ce,4e:ef:58:32:c8:6a
2427,194.19,498.93,6c:76:ee:59:e1:b1,08:7c:27:66:7b:a6,da:09:ca:de:3b:fa
629,479.58,100.53,40:bb:4b:2e:e9:41,b2:54:47:b2:da:41,20:1b:d1:73:14:7f
849,434.44,253.21,f8:ba:70:5b:86:4d,98:00:1c:05:6d:f1,86:9b:1c:9e:69:7d
11,215.71,157.65,d0:bb:36:0e:0f:67,30:fc:25:03:43:e2,56:87:ae:12:b6:82
2361,197.76,167.27,1a:50:24:97:c8:d5,ec:91:b4:61:7e:70,aa:32:af:1e:82:b5
3092,90.89,253.05,ce:dd:c9:aa:d1:d0,0c:4d:25:3d:ec:27,72:cf:e4:66:77:be
3290,300.54,381.29,2e:ae:63:cd:4d:6c,bc:24:99:b5:f6:3e,84:c2:50:d8:c8:a3
2770,184.06,353.07,d2:19:c5:4f:37:48,ce:cd:3a:65:37:d5,ee:5a:07:81:78:b7
1762,477.69,9.14,88:25:80:91:c1:e0,0e:a5:66:9e:56:c0,5e:42:ee:57:64:c2
2357,374.45,267.62,5e:b2:66:54:48:c5,3e:36:b0:99:49:03,94:ed:32:ac:58:85
1203,269.52,174.08,6a:8b:2d:2d:1d:23,5e:b3:6a:ac:80:b6,6a:2b:ea:d2:e9:1b
891,296.96,476.38,28:d0:e9:6a:6a:5a,18:49:d6:6a:7f:0c,10:df:da:c9:3d:af
2169,9.86,442.79,f6:c1:f4:c1:58:a0,8e:f9:8f:ff:ad:c6,aa:ef:36:c1:9f:d8
1639,199.12,184.7,c6:bc:ed:3b:ff:72,0c:2d:b4:20:70:7c,8c:04:56:1e:74:f3
748,198.32,325.84,fc:be:32:bc:dc:d1,c2:7f:34:fa:47:75,e6:03:09:e0:80:46
2184,400.12,368.74,08:6d:ab:75:4c:bb,f4:25:14:81:a7:fb,d6:1d:72:1c:58:5b
954,388.79,496.26,d6:5f:eb:c3:f3:95,82:5e:05:f8:c9:26,08:93:41:f9:81:98
3544,110.68,138.83,06:14:17:a7:84:a6,a0:fc:bd:0e:37:80,d6:41:e7:32:86:b5
1884,270.75,261.93,34:7e:3f:89:8a:6d,70:d8:84:cf:d2:4e,a4:43:cb:3d:b9:2c
3362,363.66,331.87,a2:a5:7f:a7:92:35,50:81:45:88:a4:75,d2:f8:02:30:9e:65
218,417.38,353.18,7a:f6:e6:15:b6:ba,ec:74:5d:f2:07:63,18:2a:67:5e:90:66
525,375.31,470.7,1a:b3:ec:12:70:a4,62:80:49:f0:07:3a,2a:e5:4b:8e:d7:16
86,209.38,91.62,36:cc:4b:3e:94:de,9a:69:2d:d6:1c:fb,ee:de:e2:a6:a9:ef
2775,203.74,61.73,64:7e:f6:b2:40:c2,c8:90:05:09:c7:81,a0:49:a0:b8:b6:b5
3148,334.26,178.27,2e:3b:9b:e6:e1:d2,6e:0b:ad:00:be:9f,be:3f:07:9b:9d:43
1165,307.27,455.53,6e:c9:22:4b:b9:9c,12:34:c5:7a:38:99,2c:a7:53:76:91:da
2251,41.35,146.73,2a:08:8e:04:5d:46,5c:51:dd:35:c9:a0,c8:23:f5:b6:15:0f
1414,280.45,376.03,e0:a7:90:db:4b:01,50:98:04:39:c7:41,80:1f:31:37:fd:48
695,96.15,102.37,e4:f3:bf:98:dc:24,ea:31:2a:4a:45:f7,9c:73:38:1c:9d:b0
465,466.08,334.73,a0:6f:a3:74:d6:fd,68:8d:9a:04:a9:c8,c8:18:e3:06:bb:40
592,341.85,383.22,cc:2b:a5:dc:9c:dd,5e:16:fb:81:da:c0,c8:d6:19:e1:74:a6
1754,333.48,16.55,78:d8:8a:b6:ab:01,be:10:09:ba:4b:36,7c:af:05:b1:b8:77
2519,353.74,319.54,62:f9:37:ad:d8:35,dc:a2:3c:d3:47:2e,14:22:c9:da:de:0d
2359,400.23,311.87,e8:f0:d8:6b:cd:0a,7c:05:44:a5:4d:b2,bc:e7:ca:93:6f:ab
3290,323.69,299.91,84:30:bf:54:f0:92,ae:fb:c5:b8:a0:5c,f0:32:78:78:d5:c5
1439,342.4,298.88,92:c4:bb:c6:2c:cf,0c:15:e5:42:8f:c1,ae:51:02:20:81:36
354,442.06,2.9,3e:b9:a8:af:87:43,36:cb:89:63:73:de,d0:93:1a:5d:8c:f5
1043,306.49,423.51,42:70:dd:ef:3c:85,36:59:03:7c:5a:9b,a8:da:82:3b:15:0b
3598,55.36,140.56,dc:a3:bc:05:9d:ff,68:61:29:42:a1:59,1a:0e:5e:d0:6a:76
2270,234.62,430.39,58:d6:08:aa:3c:09,3e:79:31:cc:00:c3,80:f1:38:44:b7:21
658,176.27,328.44,46:2d:a8:3b:18:4a,32:fd:57:74:bf:1d,be:a6:0d:ae:b3:36
2086,279.05,176.58,76:9b:d3:35:d2:c6,f0:bf:9d:a6:d9:b0,a0:80:e5:24:a1:23
3495,392.31,418.87,f6:40:7c:b0:11:26,24:03:10:e7:37:cb,20:ad:cd:fe:d0:c0
1176,192.68,273.25,6a:e3:01:62:c2:f4,d0:90:cc:ad:87:46,96:c9:f9:13:ca:cd
2002,271.36,308.55,02:32:14:39:9f:1a,6c:5e:80:92:3e:5f,7c:18:ba:66:6f:a7
2773,141.64,279.86,2e:cb:8d:01:24:4d,de:e8:59:93:f2:e1,ee:49:57:a5:0c:c5
3446,342.63,201.49,3c:43:ab:a7:ff:a0,88:65:4d:a0:8c:d3,50:00:01:91:b5:a3
1862,362.67,340.2,46:5a:aa:5a:17:15,7e:a1:13:22:b6:19,a6:13:14:ca:fd:87
3510,334.58,85.87,30:d6:af:bd:f6:e4,d6:1a:ff:9f:f6:33,5a:c2:3b:c4:09:0b
2812,251.87,444.67,cc:29:79:20:b5:b7,c4:a9:bf:26:3f:e4,34:d9:54:50:5f:aa
337,338.72,59.21,a6:fa:7a:ad:64:d0,f4:10:6b:02:eb:fb,d2:d9:e9:ff:83:4a
1411,405.88,347.61,18:56:e5:6c:8c:8f,08:c5:9c:84:da:47,b2:f4:f2:94:59:7c
3575,365.32,407.18,44:4c:ce:4a:dd:e3,ee:01:90:cd:4d:f0,1c:f9:56:8e:5f:a5
1937,451.91,230.97,9a:be:17:4d:d5:bf,8a:a7:b6:80:fc:0d,a8:79:42:4a:a5:15
3551,168.78,30.4,52:9f:ee:20:61:a7,e8:5c:4a:f5:e4:76,86:36:7f:9b:7a:7f
162,393.14,35.23,96:3e:f9:ae:c0:ff,3e:f7:51:bf:50:31,76:ec:c7:af:d2:51
1224,106.9,411.76,74:7b:e9:14:7c:a7,d4:c8:3c:f0:71:9b,be:fa:2f:1a:d6:03
2343,85.05,9.78,86:1e:59:fe:44:af,50:ce:f3:65:2d:f2,70:8f:23:5a:32:d0
903,477.43,98.53,1a:b9:b9:98:e5:82,f4:61:65:12:5b:c1,32:60:9d:93:a4:cb
1290,452.25,410.44,a2:dd:d4:2e:05:67,98:25:0d:88:20:35,fc:57:4c:55:a3:aa
3448,355.7,292.25,84:8f:f8:3f:fb:38,de:b7:16:fb:12:6d,56:8d:1a:6b:1d:c5
2336,396.89,451.48,14:ca:4c:b2:1d:43,50:85:0b:22:39:91,18:62:16:37:bc:9d
151,122.21,455.76,c6:ee:23:a7:31:66,6a:ca:29:c5:cf:24,12:51:d5:ab:4f:fe
1678,264.95,411.32,0e:42:0f:1a:91:9d,42:2c:e5:25:8b:1a,ac:cb:00:d4:53:b5
465,194.32,382.71,88:ef:de:be:c2:f1,20:a2:73:88:46:76,ee:ee:0d:1b:0f:a8
2280,414.22,399.05,08:c2:04:b9:03:b4,d0:73:7d:af:bf:2b,3c:fe:d6:f3:20:b9
1985,59.2,217.28,3a:aa:49:77:49:c4,7e:74:03:bb:86:81,ba:d5:20:49:61:5f
37,134.65,223.93,16:ed:32:db:8d:e1,14:b6:d7:c8:72:08,04:5c:9f:00:19:02
3228,23.04,227.59,d4:0e:3f:3b:3c:39,00:3a:0b:88:cb:50,fa:1c:f5:cb:11:bb
3007,96.7,296.51,84:59:2a:10:02:2e,9c:32:3f:9b:ad:ae,de:76:d1:72:6a:ee
2618,193.85,344.29,c0:0f:9e:50:89:15,38:51:3c:3f:8e:f3,c4:9d:12:7e:a4:91
2409,230.11,3.19,14:e6:a4:ff:35:06,ca:3a:96:b4:7b:3c,96:20:24:02:f6:85
2320,326.21,492.38,da:4e:ea:8b:d5:fc,8a:60:fa:28:c7:d9,d6:c3:7c:79:77:a4
521,91.25,164.41,86:87:23:6b:1c:45,6e:20:d5:bf:e7:68,24:0a:f1:87:38:c8
1452,312.58,254.45,b4:c7:e9:46:0f:56,2a:e2:9b:85:9f:50,0c:6d:05:f0:e9:0a
766,104.79,453.92,78:05:9f:4a:91:fc,a6:02:49:24:21:de,5c:bb:02:1f:2a:2c
2677,465.84,467.23,02:4a:93:bd:52:fc,c2:9c:05:5c:36:18,0e:35:13:70:8f:5b
2054,245.58,127.77,b8:32:ee:61:1d:6a,04:a9:f0:17:57:3d,a8:bc:37:72:cb:7a
1557,395.28,139.21,64:71:ac:29:2e:fe,70:d7:6d:eb:b5:c6,a0:bb:76:d9:c1:3d
1850,229.67,64.7,24:88:40:41:13:ea,9e:95:4e:5b:7a:fd,94:ce:78:43:8d:44
2388,247.44,315.37,60:50:ac:6e:87:31,3a:af:9b:d2:85:d3,f8:e8:c7:a9:1e:f3
370,16.4,409.71,fc:78:30:5f:a3:3e,b4:9a:ff:53:41:e9,fc:5e:db:6e:ba:da
1395,208.55,132.01,54:57:f5:05:12:87,14:0e:b5:43:72:e5,1a:23:dc:51:1e:99
1090,276.49,23.93,d2:28:a8:69:41:8c,20:3f:dd:89:78:0c,1e:97:4a:20:a2:d9
3370,214.02,3.13,20:c5:3d:57:c6:4b,4e:e4:dc:cf:69:26,f4:a6:fd:f9:ae:2f
2100,421.46,491.16,c6:05:37:c7:bf:7a,d2:a5:e0:8a:30:d6,04:21:15:0b:3e:9b
3193,58.6,162.79,36:0f:79:15:bb:dd,22:e6:24:dc:6e:65,4a:66:33:29:b8:6e
348,425.98,411.55,a2:c8:ec:04:85:29,64:53:77:11:f6:17,7c:b6:db:33:57:6b
940,299.76,368.94,d2:60:2c:5c:40:8d,3a:ec:f9:16:e7:ed,bc:bc:e6:7d:ba:a5
710,410.42,489.02,e8:18:91:14:f6:b2,c6:01:c2:31:7e:26,90:5f:37:7b:73:af
1747,343.27,218.08,4c:ca:26:11:e7:e8,7c:b0:99:aa:9c:e7,7e:ba:9f:6c:35:c9
3381,72.01,307.83,5e:b9:ef:28:d3:c0,5c:24:8a:1f:83:d7,3e:3e:9f:c6:a3:67
3435,341.11,367.31,96:1e:99:16:81:2d,04:61:78:40:84:04,82:84:5a:fe:fd:38
2916,47.51,456.55,58:5a:26:3b:4f:76,d2:d2:f0:d6:b0:c9,18:0d:20:ef:48:51
2272,350.97,377.71,34:19:5d:4c:f3:56,1e:ff:d5:6e:4f:e7,0c:7c:ec:f8:75:a2
3046,240.62,289.38,06:cd:f4:01:f6:d5,38:0f:8a:a2:24:e7,28:f9:7e:d0:41:9d
1828,238.08,435.17,a4:da:8c:6a:68:1e,a4:01:b2:31:ab:00,64:fe:10:c2:67:a9
837,103.03,94.39,2c:b8:07:24:45:50,44:58:3f:b5:e2:cb,c6:0d:11:b6:b9:0c
378,102.83,333.94,8a:7b:c6:8d:0e:85,ba:79:fb:f4:0a:d1,56:e2:11:03:5f:d1
2947,86.63,458.72,40:0a:76:54:99:25,24:77:48:8d:48:96,90:b4:0d:b0:7d:93
1999,293.46,295.82,a2:1d:4a:5b:55:91,24:bb:6b:e5:02:8b,62:b5:0d:21:0d:cf
1628,353.9,437.3,90:7f:0b:0c:f7:df,64:c2:ee:bc:bb:89,f0:66:ac:01:74:98
591,174.43,17.47,64:0e:91:8e:e0:1c,8e:c0:ff:df:c9:82,9c:e7:c4:f0:a1:32
1300,230.35,94.56,a0:d4:26:d3:80:1e,b0:02:19:ed:1b:2b,90:b6:85:9a:f5:da
1736,29.35,497.45,b6:03:ac:dd:6d:a6,b0:d1:a7:63:67:8f,92:20:8e:f6:2d:4b
2262,381.89,93.09,9e:88:b3:f4:85:3a,32:94:22:a9:61:80,38:7d:6a:c7:34:18
3127,54.06,121.25,5a:cd:de:55:73:26,e0:34:f7:e9:b1:28,da:e9:3f:ba:bf:3e
2739,385.04,479.42,88:0a:5b:c4:45:64,b2:c0:9d:f2:e8:a5,10:73:57:81:65:76
183,333.4,38.91,42:cc:97:b1:83:4a,fa:f1:a7:5f:96:02,96:cd:3c:a3:83:be
3439,376.32,287.15,4c:f9:10:99:28:d0,e0:78:24:65:9e:08,f8:eb:26:1d:94:fd
2047,140.15,134.88,30:ba:f0:9f:c7:f1,84:0e:0c:0d:4d:6d,6c:38:8e:9b:c0:de
2506,166.74,146.79,cc:a9:c7:23:0c:87,6e:5f:1b:18:dd:22,10:b0:58:35:9c:dd
1869,50.6,323.07,cc:e5:68:00:d1:e4,86:45:82:32:ea:7a,e6:38:23:ea:63:4f
862,411.88,308.96,e4:d4:71:23:c7:60,c0:60:cd:04:75:9b,94:8d:50:2f:4b:98
1196,150.65,499.9,80:80:52:23:67:2f,9e:68:ef:6f:da:ac,24:48:90:97:03:4b
1612,110.0,487.06,4e:dc:b7:f9:1c:96,b4:c6:e9:22:23:e7,ec:9e:a2:bc:f2:28
247,96.19,150.22,7c:06:01:2c:80:d7,92:9e:c8:cb:69:38,92:f4:a8:2f:d5:cb
3194,29.65,494.35,08:3d:d2:d7:da:f5,f2:6e:4e:19:ef:29,64:12:57:f5:38:d2
3504,204.12,448.58,84:5a:56:20:fa:68,f2:8e:fa:24:00:45,a2:e0:59:79:72:c7
1655,65.87,75.07,ea:36:e4:d1:47:fe,f0:9d:c1:5c:93:b9,9c:00:a8:c0:3e:04
205,479.0,340.3,72:c1:3c:77:d3:de,c0:77:4e:08:90:3e,96:46:2f:f9:82:e1
973,42.83,112.42,9c:40:d6:7d:02:d2,e8:85:99:21:5a:3b,ce:6e:8f:bd:f0:8f
674,22.46,340.28,e8:39:e0:11:60:43,b6:ad:13:62:b8:ba,7c:94:0e:8f:4a:b2
2511,125.87,172.83,60:29:8d:0b:09:a2,f8:ec:37:d6:7e:2d,b4:bd:33:9f:61:47
478,32.01,321.14,d4:84:9c:31:2e:c7,be:ca:77:26:cb:fe,20:fc:61:e5:17:05
886,37.06,293.33,86:e9:ae:2c:c1:59,be:a5:d8:fd:d6:8c,8a:fa:f9:7a:4c:cc
2614,97.16,146.23,26:9a:e8:23:0d:b1,d4:f5:c7:24:f3:29,84:e6:ec:81:aa:fb
1940,94.09,491.1,ec:e5:84:75:0a:78,cc:b5:07:6b:d6:99,30:24:7b:d7:af:56
1013,90.32,241.96,82:98:ca:5b:06:18,4e:a7:3b:19:d2:65,00:f1:60:fe:7c:4a
1119,392.18,46.17,66:39:2c:53:fe:fd,0c:b6:93:07:73:97,18:ab:a0:4b:56:42
1665,288.87,174.91,74:74:4b:51:7c:05,74:78:4f:d9:73:d6,be:4d:38:91:e0:08
2869,387.39,368.86,3c:cf:74:11:26:d0,2a:a8:b4:67:c6:4a,96:58:09:10:49:e0
2753,466.93,194.31,bc:c6:75:d5:00:83,74:05:fa:6d:0c:69,c8:bc:d7:42:08:88
3202,203.98,119.71,36:69:db:f9:44:aa,ee:15:ec:4c:d0:72,b8:de:9e:71:c6:3d
2633,292.82,482.28,ac:0b:6a:56:f9:47,60:61:4b:8a:1c:a2,34:af:76:cf:3a:d2
121,148.9,286.13,70:c9:71:9e:f2:2e,c6:52:d3:ff:f2:36,26:a7:b2:69:b5:a9
2376,272.98,318.27,28:0f:e4:5c:ae:32,46:18:36:e8:dc:c9,2e:ed:d4:e1:1f:09
3306,22.64,410.46,3c:89:d3:52:46:7b,46:d9:46:0b:06:a0,3e:f5:19:cf:d5:91
314,325.96,243.56,e6:10:a5:95:48:b6,04:ab:d4:07:fe:a2,d4:5e:53:fb:85:1d
1775,65.83,413.15,a2:18:19:f0:1b:00,6e:bd:78:6f:2a:e3,0e:6a:ab:7f:34:f7
2696,118.06,239.13,dc:17:87:e0:f1:c3,b0:23:f6:f9:d9:ee,32:28:a2:27:c2:f5
1680,26.08,372.37,4c:3b:03:bd:3c:4b,b2:11:ce:1a:a3:70,ee:3c:12:fb:41:23
2564,377.95,83.61,56:11:f0:dd:e7:08,80:7b:c9:09:0c:55,76:29:fb:19:ca:bf
1429,24.57,320.08,0a:6b:8b:df:11:ad,40:ce:1a:e4:83:4e,3a:51:d7:b1:d7:a1
2971,304.25,233.78,28:02:75:34:c0:39,36:02:a6:7c:0f:23,86:19:2d:5f:71:f2
1724,262.49,166.69,fc:40:39:d4:dd:a9,e6:eb:60:c0:0c:c6,12:40:2c:f7:89:22
1191,344.31,488.68,38:ec:75:dd:2b:0c,c6:74:74:ed:5a:f9,3a:72:6d:0f:2f:d3
3584,317.32,368.68,26:da:ec:8a:de:ba,02:8b:d3:8e:00:cc,ce:40:0d:f5:ad:f8
555,42.14,73.91,54:1f:66:b6:ae:3a,d4:53:cd:ab:33:55,9c:65:bc:d4:c3:56
3230,410.38,69.09,90:a8:93:ae:0f:d9,1a:05:13:18:81:e3,20:4e:8e:87:cd:51
3154,121.21,262.09,24:06:08:3e:da:f6,b2:84:ca:c1:da:a9,ac:1d:99:c7:90:24
1810,368.31,100.59,78:98:0f:8f:0c:10,92:36:50:37:85:8e,fc:23:b9:5b:3e:21
3383,241.58,335.57,dc:fd:91:25:cd:8f,3c:b0:d3:a8:de:a4,0a:41:5f:9f:ea:aa
600,490.08,130.67,96:33:c5:eb:23:24,d2:7a:8f:7f:6a:5d,d4:f2:7b:3c:0a:29
848,483.96,243.59,54:da:43:3e:df:50,22:4c:6d:aa:e2:b3,9c:40:28:70:09:46
2400,40.88,82.17,8e:fa:45:7b:0f:48,a2:82:a6:a0:9d:a6,36:05:a0:c0:f0:06
1357,261.76,241.49,7c:99:5c:a1:45:d4,cc:ce:c6:e3:8d:05,e8:de:05:34:3b:39
2062,353.97,112.38,d0:b9:7b:47:8b:67,fa:e3:11:d0:d5:61,e8:ad:a6:ff:d0:a4
913,480.75,491.29,0e:75:f6:9b:6e:26,86:5e:d3:6f:95:a6,32:25:28:cc:5e:4b
117,307.49,454.16,66:ce:f6:af:31:b6,e2:9b:4f:b4:1c:91,24:b9:83:e2:9d:a7
2110,244.9,414.9,dc:6f:f9:95:a2:0e,a4:c0:c2:6e:a7:a4,f8:90:ad:dd:de:2e
2315,62.88,22.79,2a:12:3d:13:c6:c3,20:e5:45:ca:d0:73,2e:6d:d7:aa:0e:08
3168,16.2,358.64,38:78:06:58:56:9e,36:1a:5a:e6:02:5a,fa:3a:66:35:58:b0
2745,197.93,335.29,d4:c6:61:83:ce:ad,12:51:3c:5d:81:f6,b2:d5:b1:14:eb:ec
2039,435.7,389.13,96:6f:1c:df:f9:04,a4:53:6a:9d:98:98,1c:9e:ed:d1:de:46
3182,166.43,261.47,ca:4c:b0:b1:73:be,38:70:c2:13:1c:2b,dc:1a:bb:68:8b:e3
835,398.61,406.69,d4:11:04:96:6f:55,1a:70:0d:f0:f1:3e,ec:f7:bb:3c:3d:ca
2173,452.37,125.89,62:bd:ee:f8:e8:5b,88:e5:75:2a:7d:18,66:a1:de:fe:2d:a6
2496,36.64,207.12,8e:1e:4e:7e:b8:6e,72:d5:ce:b1:02:c5,ca:35:ab:3e:90:fe
265,249.82,57.58,10:37:80:18:5e:14,dc:a4:e4:d7:e1:d1,0a:75:35:74:56:db
3370,494.24,105.59,ea:53:80:00:62:fb,68:e8:c8:18:fd:34,68:99:f6:bc:b4:00
592,440.68,346.32,7e:ac:be:df:96:af,30:ae:0f:2f:96:c9,3c:da:80:c4:84:56
3248,219.55,429.46,7a:f2:18:1b:41:16,8a:b3:72:0e:f4:ca,cc:83:74:26:f5:61
2819,418.09,90.22,b8:3d:07:dc:a9:bd,56:93:fe:ad:5e:ea,e6:9f:b0:11:56:07
638,193.29,232.16,80:37:ec:3b:e8:c5,62:02:62:73:c3:0b,0a:85:f0:32:8e:6b
2683,495.12,268.84,70:ac:52:c1:01:58,04:25:aa:85:29:e5,68:a8:e4:c4:3f:c2
112,222.97,324.74,f8:2d:33:b6:b9:84,06:0b:7e:07:0e:1f,34:0d:eb:4f:af:83
1708,322.98,414.12,bc:76:f9:69:e2:84,10:24:66:af:22:3c,8e:7b:d9:31:38:6d
2294,418.12,384.32,9c:e8:33:b7:da:06,fc:8d:34:ea:9b:78,92:bb:84:31:3d:e2
1510,353.85,440.36,9a:25:10:f2:fb:8f,ae:e0:4c:e4:30:e6,ec:87:6c:e0:55:d2
1247,433.1,455.78,aa:32:f9:c7:02:5f,b4:07:17:0e:09:83,88:33:75:2e:e2:47
192,414.31,458.94,d6:42:a8:cc:f0:94,66:c1:c8:bb:4b:94,70:4f:24:f3:a9:55
1903,182.97,287.94,56:a3:b1:93:c7:25,ac:4f:f4:85:2f:25,92:3b:72:d3:cf:54
1332,308.59,17.77,a6:1f:ed:12:a0:89,54:d3:26:dc:bf:00,ae:22:41:ad:b3:bb
2722,85.92,428.93,76:c9:c0:f9:40:d4,f4:39:bf:0e:63:2d,2e:a9:46:37:fa:7a
603,351.24,3.9,8a:c8:13:b5:13:eb,5e:a6:23:06:92:34,36:7b:c1:23:1d:d9
2896,178.17,352.07,14:82:bb:e0:3c:bb,8a:12:ef:ca:7f:2d,ee:e4:dd:56:6a:55
52,366.63,179.32,0e:a5:c4:8d:e9:63,b0:e3:66:12:07:6b,f2:ea:aa:53:e5:6d
2172,491.18,114.92,60:b4:79:e0:54:a8,ea:dd:f5:8a:5a:4d,ea:e7:6f:fa:31:49
985,301.35,107.06,58:89:84:01:50:60,b4:6b:39:f3:60:21,2c:e8:9a:27:e3:58
1010,167.53,166.07,3e:fd:24:28:28:f4,ce:ec:1f:97:c6:14,b6:a2:7f:40:fe:fb
1334,78.06,138.34,a4:42:eb:3f:0f:a8,94:0b:3e:31:f6:e2,02:1a:65:2e:5e:43
813,368.55,143.04,e0:8b:05:2f:39:7e,30:53:a7:39:2f:0d,7a:ae:8e:cb:95:87
